metric,dataset,status,model_count,kendall,paper_kendall,kendall_matches,pearson,paper_pearson,pearson_matches,path
leep,cifar10,ok,10,0.7333333333333333,0.733,True,0.6271868601156854,0.627,True,results/published/EXP1/results_metrics/group2/leep/cifar10_metrics.json
leep,voc2007,ok,10,0.7333333333333333,0.733,True,0.6411054209048053,0.641,True,results/published/EXP1/results_metrics/group2/leep/voc2007_metrics.json
leep,caltech101,ok,10,0.7333333333333333,0.733,True,0.6311445979808717,0.631,True,results/published/EXP1/results_metrics/group2/leep/caltech101_metrics.json
leep,aircraft,ok,10,-0.022222222222222223,-0.022,True,-0.06779126058150625,-0.068,True,results/published/EXP1/results_metrics/group2/leep/aircraft_metrics.json
leep,cifar100,ok,10,0.764093177458341,0.764,True,0.6798663958227028,0.68,True,results/published/EXP1/results_metrics/group2/leep/cifar100_metrics.json
leep,food,ok,10,0.6,0.6,True,0.5157267331415283,0.516,True,results/published/EXP1/results_metrics/group2/leep/food_metrics.json
leep,pets,ok,10,0.6444444444444445,0.644,True,0.7921951953936754,0.792,True,results/published/EXP1/results_metrics/group2/leep/pets_metrics.json
leep,flowers,ok,10,-0.06666666666666667,-0.067,True,0.11486234607644934,0.115,True,results/published/EXP1/results_metrics/group2/leep/flowers_metrics.json
leep,cars,ok,10,0.5555555555555556,0.556,True,0.24282514671361688,0.243,True,results/published/EXP1/results_metrics/group2/leep/cars_metrics.json
leep,dtd,ok,10,0.674199862463242,0.674,True,0.6018066653126111,0.602,True,results/published/EXP1/results_metrics/group2/leep/dtd_metrics.json
leep,sun397,ok,10,0.6444444444444445,0.644,True,0.6086412553286973,0.609,True,results/published/EXP1/results_metrics/group2/leep/sun397_metrics.json
nleep,cifar10,ok,10,0.6888888888888889,0.6,False,0.8263694794841557,0.792,False,results/published/EXP1/results_metrics/group2/nleep/cifar10_metrics.json
nleep,voc2007,ok,10,0.6,0.644,False,0.8329292637845153,0.885,False,results/published/EXP1/results_metrics/group2/nleep/voc2007_metrics.json
nleep,caltech101,ok,10,0.7333333333333333,0.689,False,0.9276252196965408,0.921,False,results/published/EXP1/results_metrics/group2/nleep/caltech101_metrics.json
nleep,aircraft,ok,10,-0.5555555555555556,-0.467,False,-0.5630068673926777,-0.733,False,results/published/EXP1/results_metrics/group2/nleep/aircraft_metrics.json
nleep,cifar100,ok,10,0.7191465199607916,0.719,True,0.7483198900308341,0.737,False,results/published/EXP1/results_metrics/group2/nleep/cifar100_metrics.json
nleep,food,ok,8,0.5714285714285714,0.378,False,0.11640240686059522,0.242,False,results/published/EXP1/results_metrics/group2/nleep/food_metrics.json
nleep,pets,ok,10,0.6444444444444445,0.6,False,0.7856839732363791,0.761,False,results/published/EXP1/results_metrics/group2/nleep/pets_metrics.json
nleep,flowers,ok,10,0.022222222222222223,0.333,False,0.21893281879378043,0.481,False,results/published/EXP1/results_metrics/group2/nleep/flowers_metrics.json
nleep,cars,ok,10,0.37777777777777777,0.333,False,0.2203145861327941,0.132,False,results/published/EXP1/results_metrics/group2/nleep/cars_metrics.json
nleep,dtd,ok,4,0.3333333333333333,0.719,False,0.8045827743730986,0.789,False,results/published/EXP1/results_metrics/group2/nleep/dtd_metrics.json
nleep,sun397,ok,10,0.6888888888888889,0.822,False,0.8276645277903537,0.842,False,results/published/EXP1/results_metrics/group2/nleep/sun397_metrics.json
logme,cifar10,ok,10,0.7777777777777778,0.778,True,0.7356069104334353,0.736,True,results/published/EXP1/results_metrics/group2/logme/cifar10_metrics.json
logme,voc2007,ok,10,0.6,0.6,True,0.6755206104008723,0.676,True,results/published/EXP1/results_metrics/group2/logme/voc2007_metrics.json
logme,caltech101,ok,10,0.5111111111111111,0.511,True,0.6412280489882047,0.641,True,results/published/EXP1/results_metrics/group2/logme/caltech101_metrics.json
logme,aircraft,ok,10,0.24444444444444444,0.244,True,-0.12018828846680878,-0.12,True,results/published/EXP1/results_metrics/group2/logme/aircraft_metrics.json
logme,cifar100,ok,10,0.5393598899705937,0.539,True,0.5182024238276158,0.518,True,results/published/EXP1/results_metrics/group2/logme/cifar100_metrics.json
logme,food,ok,10,0.28888888888888886,0.289,True,0.2877002838539663,0.288,True,results/published/EXP1/results_metrics/group2/logme/food_metrics.json
logme,pets,ok,10,0.6888888888888889,0.689,True,0.6600343367713697,0.66,True,results/published/EXP1/results_metrics/group2/logme/pets_metrics.json
logme,flowers,ok,10,0.37777777777777777,0.378,True,0.5525357397295838,0.553,True,results/published/EXP1/results_metrics/group2/logme/flowers_metrics.json
logme,cars,ok,10,0.3333333333333333,0.333,True,-0.11830591503394063,-0.118,True,results/published/EXP1/results_metrics/group2/logme/cars_metrics.json
logme,dtd,ok,10,0.6292532049656926,0.629,True,0.6176070772479103,0.618,True,results/published/EXP1/results_metrics/group2/logme/dtd_metrics.json
logme,sun397,ok,10,0.37777777777777777,0.378,True,0.43901141545598976,0.439,True,results/published/EXP1/results_metrics/group2/logme/sun397_metrics.json
pac,cifar10,ok,10,0.8222222222222222,0.822,True,0.6902845196098748,0.695,False,results/published/EXP1/results_metrics/group2/pac/cifar10_metrics.json
pac,voc2007,ok,10,-0.022222222222222223,0.022,False,-0.1467046538283481,-0.154,False,results/published/EXP1/results_metrics/group2/pac/voc2007_metrics.json
pac,caltech101,ok,10,0.28888888888888886,0.244,False,0.16174882871816007,0.196,False,results/published/EXP1/results_metrics/group2/pac/caltech101_metrics.json
pac,aircraft,ok,10,-0.28888888888888886,-0.289,True,-0.4387457654132733,-0.331,False,results/published/EXP1/results_metrics/group2/pac/aircraft_metrics.json
pac,cifar100,ok,10,0.3595732599803958,0.36,True,-0.0016439333288581414,0.012,False,results/published/EXP1/results_metrics/group2/pac/cifar100_metrics.json
pac,food,ok,10,0.4222222222222222,0.244,False,0.09063373187804614,0.008,False,results/published/EXP1/results_metrics/group2/pac/food_metrics.json
pac,pets,ok,10,0.06666666666666667,0.333,False,-0.06960348458105266,0.126,False,results/published/EXP1/results_metrics/group2/pac/pets_metrics.json
pac,flowers,ok,10,0.2,0.2,True,0.43913562943050827,0.438,True,results/published/EXP1/results_metrics/group2/pac/flowers_metrics.json
pac,cars,ok,10,-0.3333333333333333,-0.333,True,-0.48606321022418875,-0.461,False,results/published/EXP1/results_metrics/group2/pac/cars_metrics.json
pac,dtd,ok,10,0.13483997249264842,0.27,False,-0.0036780250822569956,0.014,False,results/published/EXP1/results_metrics/group2/pac/dtd_metrics.json
pac,sun397,ok,10,-0.06666666666666667,0.022,False,-0.2319722252934514,-0.039,False,results/published/EXP1/results_metrics/group2/pac/sun397_metrics.json
sfda,cifar10,ok,10,0.7777777777777778,0.778,True,0.8533432841250488,0.853,True,results/published/EXP1/results_metrics/group2/sfda/cifar10_metrics.json
sfda,voc2007,ok,10,0.6,0.6,True,0.9008261330078646,0.901,True,results/published/EXP1/results_metrics/group2/sfda/voc2007_metrics.json
sfda,caltech101,ok,10,0.5555555555555556,0.556,True,0.685485992779375,0.685,True,results/published/EXP1/results_metrics/group2/sfda/caltech101_metrics.json
sfda,aircraft,ok,10,0.06666666666666667,0.067,True,0.2823547497531747,0.282,True,results/published/EXP1/results_metrics/group2/sfda/aircraft_metrics.json
sfda,cifar100,ok,10,0.7191465199607916,0.719,True,0.8588866943825447,0.859,True,results/published/EXP1/results_metrics/group2/sfda/cifar100_metrics.json
sfda,food,ok,10,0.6888888888888889,0.689,True,0.798145870547949,0.798,True,results/published/EXP1/results_metrics/group2/sfda/food_metrics.json
sfda,pets,ok,10,0.6,0.6,True,0.875455718365691,0.875,True,results/published/EXP1/results_metrics/group2/sfda/pets_metrics.json
sfda,flowers,ok,10,0.6444444444444445,0.644,True,0.7045324331214555,0.705,True,results/published/EXP1/results_metrics/group2/sfda/flowers_metrics.json
sfda,cars,ok,10,0.5111111111111111,0.511,True,0.4721859137329219,0.472,True,results/published/EXP1/results_metrics/group2/sfda/cars_metrics.json
sfda,dtd,ok,10,0.674199862463242,0.674,True,0.785706539806444,0.786,True,results/published/EXP1/results_metrics/group2/sfda/dtd_metrics.json
sfda,sun397,ok,10,0.7333333333333333,0.733,True,0.860492304612228,0.86,True,results/published/EXP1/results_metrics/group2/sfda/sun397_metrics.json
gleep,cifar10,ok,10,0.6444444444444445,0.644,True,0.5741901798264838,0.574,True,results/published/EXP1/results_metrics/group1/leep_g/cifar10_metrics.json
gleep,voc2007,ok,10,0.6888888888888889,0.689,True,0.7687908407832776,0.769,True,results/published/EXP1/results_metrics/group1/leep_g/voc2007_metrics.json
gleep,caltech101,ok,10,0.7333333333333333,0.733,True,0.8411808200086931,0.841,True,results/published/EXP1/results_metrics/group1/leep_g/caltech101_metrics.json
gleep,aircraft,ok,10,0.28888888888888886,0.289,True,0.243136244533768,0.243,True,results/published/EXP1/results_metrics/group1/leep_g/aircraft_metrics.json
gleep,cifar100,ok,10,0.8090398349558905,0.809,True,0.7194875363960783,0.719,True,results/published/EXP1/results_metrics/group1/leep_g/cifar100_metrics.json
gleep,food,ok,10,0.6444444444444445,0.644,True,0.6550169391666697,0.655,True,results/published/EXP1/results_metrics/group1/leep_g/food_metrics.json
gleep,pets,ok,10,0.7333333333333333,0.733,True,0.9210327029245651,0.921,True,results/published/EXP1/results_metrics/group1/leep_g/pets_metrics.json
gleep,flowers,ok,10,0.06666666666666667,0.067,True,0.22972697391884572,0.23,True,results/published/EXP1/results_metrics/group1/leep_g/flowers_metrics.json
gleep,cars,ok,10,0.5111111111111111,0.511,True,0.34630970562305496,0.346,True,results/published/EXP1/results_metrics/group1/leep_g/cars_metrics.json
gleep,dtd,ok,10,0.5393598899705937,0.539,True,0.6641894167093267,0.664,True,results/published/EXP1/results_metrics/group1/leep_g/dtd_metrics.json
gleep,sun397,ok,10,0.7333333333333333,0.733,True,0.8064238527135383,0.806,True,results/published/EXP1/results_metrics/group1/leep_g/sun397_metrics.json
